Unnamed: 0,match_id,match_date,team_id,team_name,Possession time,Last third possession time,Pass by possession,Possessions/Shot,Number of passes before a shot,Possession time before a shot,PPDA,Challenge intensity index,Average heigth of defensive actions,Average heigth of defensive actions (center backs),xG,xT
,3798991,2022-05-22 00:00:00,1167,Basel,30.93,19.6,4.84,6.28,4.0,17.81,11.678571428571429,0.77,39.83,33.78,1.136048373,1.38430641
,3798988,2022-05-22 00:00:00,1176,St. Gallen,30.3,4.95,4.5,8.87,7.23,20.69,7.393939393939394,1.27,39.2,39.41,2.941448206,2.1483844599999995
,3798988,2022-05-22 00:00:00,3220,FC Lausanne Sport,26.06,9.58,3.34,7.26,2.5,8.51,9.945945945945946,1.22,33.45,20.63,1.4095681239999998,1.18656062
,3798958,2022-05-22 00:00:00,1333,Sion,25.92,10.78,4.09,4.6,2.89,13.37,11.73913043478261,0.82,39.98,37.57,1.5491865790000001,1.01025676
,3798958,2022-05-22 00:00:00,1330,Servette,28.12,5.11,4.39,5.3,1.74,9.6,6.742857142857143,1.35,38.81,27.89,2.5195061750000005,0.5852712200000001
,3798938,2022-05-22 00:00:00,995,FC Zürich,25.35,6.12,3.71,6.78,2.41,10.53,8.647058823529411,1.45,34.37,34.73,0.983289889,1.0888911000000001
,3798938,2022-05-22 00:00:00,1148,Luzern,23.4,6.86,4.02,7.53,4.43,19.28,10.92,0.99,35.53,37.85,2.4800587949999997,1.1897818199999999
,3798965,2022-05-22 00:00:00,673,BSC Young Boys,24.28,7.46,4.39,6.22,6.62,19.09,10.941176470588236,0.97,37.91,34.86,2.279097621,1.37369862
,3798965,2022-05-22 00:00:00,3227,Grasshopper,35.08,5.14,5.06,9.88,5.33,17.97,16.11764705882353,0.7,44.7,40.47,1.565277438,1.93896041
,3798991,2022-05-22 00:00:00,1334,Lugano,36.32,11.75,5.28,14.42,10.0,23.11,19.22222222222222,0.58,33.72,40.1,0.6487933220000001,0.9644220000000001
,3798993,2022-05-19 00:00:00,1167,Basel,38.34,15.56,4.04,7.01,5.11,19.75,12.08695652173913,0.99,36.19,25.58,0.4360243730000001,1.1240709899999999
,3799049,2022-05-19 00:00:00,1176,St. Gallen,29.77,7.27,4.31,7.21,3.73,12.01,8.448275862068966,1.45,41.8,35.96,2.0838297480000003,1.0504480399999998
,3799049,2022-05-19 00:00:00,3227,Grasshopper,20.05,9.09,3.12,5.05,3.55,10.55,14.869565217391305,0.77,42.53,34.12,1.656246549,0.9848780400000001
,3798906,2022-05-19 00:00:00,1333,Sion,24.73,7.77,4.27,5.54,4.23,13.23,10.580645161290322,0.92,39.62,38.33,2.841412989,0.7660472700000001
,3798906,2022-05-19 00:00:00,3220,FC Lausanne Sport,33.67,6.37,4.94,6.83,6.63,26.18,11.12,1.01,33.1,23.47,1.3723132929999997,1.1251792200000001
,3798969,2022-05-19 00:00:00,995,FC Zürich,25.83,9.78,4.25,6.92,5.67,14.67,9.525,1.23,35.92,21.45,0.627103186,1.2090651099999998
,3798993,2022-05-19 00:00:00,1330,Servette,23.17,5.0,3.97,6.15,5.0,14.72,21.736842105263158,0.5,32.41,25.66,2.027217304,1.94598977
,3798969,2022-05-19 00:00:00,1334,Lugano,32.49,5.79,4.86,7.8,4.63,15.78,9.733333333333333,1.16,40.64,36.31,2.0786469199999997,1.4909179299999995
,3798966,2022-05-19 00:00:00,673,BSC Young Boys,21.68,4.86,3.46,5.83,3.62,16.9,11.206896551724139,0.88,37.11,36.04,1.7536318949999998,1.51196503
,3798966,2022-05-19 00:00:00,1148,Luzern,32.79,7.19,3.52,5.29,3.38,14.55,11.076923076923077,1.2,34.3,36.73,2.503214643,1.2658870199999999
,3798990,2022-05-12 00:00:00,995,FC Zürich,28.74,7.62,4.68,6.32,4.38,15.3,9.342857142857143,1.24,36.13,21.7,2.6327001265,1.74066351
,3798990,2022-05-12 00:00:00,3220,FC Lausanne Sport,28.15,8.17,4.9,6.45,4.83,21.56,8.333333333333334,1.25,38.84,30.39,2.008356078,1.30369029
,3798971,2022-05-12 00:00:00,1167,Basel,42.77,7.31,5.65,10.24,7.25,28.0,5.4375,1.94,34.44,29.05,1.354450602,1.8750883499999997
,3798971,2022-05-12 00:00:00,3227,Grasshopper,16.47,11.75,2.65,3.74,2.62,10.45,14.433333333333334,0.7,40.64,27.8,0.6154204165000001,0.36462740000000005
,3799005,2022-05-11 00:00:00,1333,Sion,29.75,8.15,4.7,7.62,3.92,14.61,11.192307692307692,0.98,36.0,40.99,2.041479039,1.3890121599999998
,3799005,2022-05-11 00:00:00,1148,Luzern,26.55,7.71,3.96,6.95,5.21,21.28,12.275862068965518,0.97,34.63,25.94,1.2140450619999998,1.49549427
,3798904,2022-05-11 00:00:00,1330,Servette,35.2,4.55,5.72,9.49,3.09,10.37,12.052631578947368,0.97,41.72,39.88,3.153729448000001,2.03549229
,3798904,2022-05-11 00:00:00,1334,Lugano,19.59,8.56,4.9,3.13,8.56,29.8,15.379310344827585,0.82,32.51,17.38,2.123791716,0.8632751399999999
,3799067,2022-05-10 00:00:00,1176,St. Gallen,27.97,9.4,5.04,6.92,6.4,25.42,8.09375,1.4,39.36,40.37,0.7000883870000001,1.09835847
,3799067,2022-05-10 00:00:00,673,BSC Young Boys,22.8,7.38,3.73,7.85,2.23,10.07,7.816326530612245,1.75,40.43,37.92,3.2721358645,1.1646094000000002
,3798995,2022-05-08 00:00:00,1148,Luzern,29.76,5.88,4.88,8.07,7.12,23.27,16.94736842105263,0.74,44.66,48.0,2.784514466,1.1443993499999998
,3798995,2022-05-08 00:00:00,1330,Servette,25.53,8.17,4.38,6.57,3.92,14.97,16.35,0.67,35.71,35.28,0.964217083,1.3394860899999996
,3798937,2022-05-08 00:00:00,3220,FC Lausanne Sport,30.22,8.82,5.18,6.21,4.18,17.62,12.421052631578947,1.08,36.88,31.02,0.681593643,0.74194588
,3798937,2022-05-08 00:00:00,1167,Basel,35.08,9.54,5.31,9.06,8.23,27.54,6.318181818181818,1.46,38.94,33.98,0.5776236770000001,1.1793131100000003
,3798935,2022-05-08 00:00:00,3227,Grasshopper,32.53,7.07,4.5,8.35,5.13,16.24,12.461538461538462,1.07,37.3,33.69,0.6649844269999999,1.56785307
,3798935,2022-05-08 00:00:00,1333,Sion,24.26,8.91,4.33,5.53,3.45,10.13,10.441176470588236,1.05,38.7,34.5,1.106545649,1.02836909
,3798951,2022-05-07 00:00:00,1334,Lugano,24.8,13.29,3.91,3.35,4.86,20.11,13.285714285714286,0.87,33.12,31.92,1.1331803169999999,1.05174245
,3798951,2022-05-07 00:00:00,673,BSC Young Boys,40.32,7.41,4.77,9.36,3.24,11.33,7.068965517241379,1.17,37.7,16.44,0.9660156025000001,2.62249231
,3798984,2022-05-07 00:00:00,995,FC Zürich,22.24,7.5,3.76,4.58,3.17,11.39,7.878048780487805,1.36,32.49,24.94,1.4481947290000001,0.5802666899999999
,3798984,2022-05-07 00:00:00,1176,St. Gallen,30.07,5.04,3.56,8.96,3.43,16.97,6.823529411764706,1.53,43.61,40.04,1.028366306,1.63707708
,3798905,2022-05-01 00:00:00,1167,Basel,29.31,7.53,3.88,6.75,3.6,13.14,6.645161290322581,1.49,42.88,39.5,0.7402672969999999,1.3118385799999999
,3798905,2022-05-01 00:00:00,995,FC Zürich,20.74,10.5,2.44,5.81,2.1,5.31,9.59375,1.09,43.9,38.43,0.947002283,0.24223550999999996
,3799040,2022-05-01 00:00:00,1148,Luzern,27.9,4.47,4.81,7.02,3.47,13.2,11.133333333333333,1.01,29.67,34.47,2.8379887140000006,1.6078414399999996
,3799040,2022-05-01 00:00:00,3220,FC Lausanne Sport,29.78,8.45,5.28,8.97,4.91,21.8,9.827586206896552,1.04,41.5,31.21,0.6463505010000001,1.2920213
,3798962,2022-05-01 00:00:00,1333,Sion,20.76,6.13,3.67,4.45,4.07,14.38,13.76923076923077,0.77,38.57,25.09,1.9494237719999998,1.2982980700000002
,3798962,2022-05-01 00:00:00,673,BSC Young Boys,33.64,7.0,4.61,9.56,4.33,14.21,10.523809523809524,1.01,39.6,40.54,2.130168371,1.00137159
,3798927,2022-04-30 00:00:00,1334,Lugano,29.19,8.92,4.75,7.13,4.83,16.4,8.970588235294118,1.33,38.71,36.39,1.176805259,1.16193034
,3798927,2022-04-30 00:00:00,3227,Grasshopper,25.61,7.08,4.61,6.59,4.69,16.89,12.428571428571429,0.96,46.54,43.45,0.7809981730000001,1.4289407000000005
,3799031,2022-04-30 00:00:00,1330,Servette,27.79,9.92,4.08,6.64,3.92,11.01,7.304347826086956,1.57,36.76,31.69,0.9836334249999998,1.40212679
,3799031,2022-04-30 00:00:00,1176,St. Gallen,29.28,7.85,4.49,7.51,4.92,15.54,8.882352941176471,1.22,39.79,34.42,1.131650777,1.36469767
,3798899,2022-04-24 00:00:00,1148,Luzern,21.74,3.3,3.64,6.07,3.13,10.33,17.208333333333332,0.73,28.1,33.6,2.92532239,0.56419738
,3799003,2022-04-24 00:00:00,3227,Grasshopper,29.93,6.44,4.77,7.01,6.25,21.92,10.620689655172415,1.22,39.81,34.29,2.3390777689999998,1.7834489599999994
,3799003,2022-04-24 00:00:00,3220,FC Lausanne Sport,23.78,15.71,3.8,5.76,4.71,17.08,9.90625,1.07,32.12,16.56,0.41449032999999996,0.9698564
,3799069,2022-04-24 00:00:00,1176,St. Gallen,22.07,6.06,3.39,6.86,3.33,10.35,8.84375,1.1,36.99,25.9,2.2926681729999996,1.4729965799999998
,3799069,2022-04-24 00:00:00,1334,Lugano,29.16,9.91,3.95,7.19,4.91,15.89,6.923076923076923,1.77,35.18,36.02,1.4997801450000001,1.3413786700000003
,3798899,2022-04-24 00:00:00,1167,Basel,33.07,5.1,5.64,10.73,7.5,28.21,13.65,0.92,34.45,29.13,2.760655509,2.1571360599999996
,3799015,2022-04-23 00:00:00,673,BSC Young Boys,31.37,7.59,3.92,6.31,6.29,24.01,9.575757575757576,1.2,43.48,33.43,1.8610999000000001,2.02335574
,3799015,2022-04-23 00:00:00,1330,Servette,27.55,17.29,3.93,6.42,5.71,20.35,9.529411764705882,1.08,43.55,37.13,1.207256084,1.2547458999999999
,3798980,2022-04-23 00:00:00,995,FC Zürich,22.81,6.24,3.04,5.24,2.88,11.52,11.17142857142857,1.13,42.55,32.73,2.6685885570000005,1.5810194800000004
,3798980,2022-04-23 00:00:00,1333,Sion,30.87,5.29,4.66,9.34,7.52,24.21,8.241379310344827,1.27,50.14,46.45,0.7029207840000001,1.7120585399999995
,3798957,2022-04-18 00:00:00,1176,St. Gallen,24.44,7.07,3.75,8.15,3.67,17.67,7.390243902439025,1.49,38.33,33.75,2.166393477,2.18509141
,3799030,2022-04-18 00:00:00,1167,Basel,37.13,7.08,6.6,6.81,5.92,23.33,11.193548387096774,1.37,48.87,47.36,1.5633775519999997,1.4969279700000002
,3799030,2022-04-18 00:00:00,1333,Sion,22.71,21.6,4.27,5.63,6.6,17.63,11.764705882352942,0.92,39.46,28.67,0.285223147,0.48112386
,3798948,2022-04-18 00:00:00,1334,Lugano,31.19,9.9,5.65,7.28,7.2,21.28,8.93939393939394,1.17,41.02,33.87,0.847392978,1.2014946
,3798957,2022-04-18 00:00:00,1148,Luzern,27.49,5.18,3.65,7.01,3.05,11.76,6.404255319148936,1.92,31.73,16.41,3.1806745249999997,1.89479848
,3798948,2022-04-18 00:00:00,3220,FC Lausanne Sport,28.22,6.64,5.44,5.31,8.86,32.15,12.193548387096774,0.99,37.92,31.26,2.109016018,1.0805287799999999
,3799021,2022-04-16 00:00:00,1330,Servette,36.04,7.12,4.83,9.92,3.38,24.69,6.771428571428571,1.63,35.03,32.54,1.590588363,1.4888523799999998
,3799021,2022-04-16 00:00:00,3227,Grasshopper,21.47,9.0,3.81,4.17,3.2,11.39,11.588235294117647,0.94,34.07,22.3,1.3447203720000003,0.93231301
,3798949,2022-04-16 00:00:00,995,FC Zürich,19.63,11.5,2.97,5.38,1.25,4.81,10.030303030303031,0.95,32.22,22.49,0.9321543185,0.6208829299999999
,3798949,2022-04-16 00:00:00,673,BSC Young Boys,34.56,7.6,4.14,9.55,2.73,14.95,6.424242424242424,1.68,39.65,39.59,0.7065588705,1.36114616
,3798996,2022-04-10 00:00:00,1167,Basel,22.73,7.46,3.86,5.71,4.38,17.2,9.121951219512194,1.33,32.89,41.83,1.881644878,1.3866388600000001
,3799072,2022-04-10 00:00:00,995,FC Zürich,42.05,7.35,5.36,12.24,7.76,33.15,12.052631578947368,0.87,39.15,23.65,1.780729411,1.6660704799999997
,3799072,2022-04-10 00:00:00,1330,Servette,21.93,10.2,3.14,4.76,2.9,13.84,10.14,1.19,33.16,30.0,1.574729006,1.0326204200000002
,3798968,2022-04-10 00:00:00,1333,Sion,20.22,9.67,4.49,4.16,2.33,8.25,17.076923076923077,0.69,36.34,37.52,1.0640519750000001,0.8403349499999999
,3798996,2022-04-10 00:00:00,1176,St. Gallen,30.91,6.26,4.08,9.66,5.53,19.16,9.423076923076923,1.14,40.7,34.26,2.245575871,2.09582621
,3798968,2022-04-10 00:00:00,1334,Lugano,37.8,6.67,6.2,9.63,8.27,21.38,9.071428571428571,1.38,46.81,43.92,1.042065714,1.3572039200000001
,3798973,2022-04-09 00:00:00,3227,Grasshopper,16.43,10.0,3.55,3.58,3.38,13.32,12.0,0.93,33.93,23.55,0.8429725189999999,0.7041591299999999
,3798973,2022-04-09 00:00:00,1148,Luzern,42.94,4.86,4.73,10.24,6.25,20.61,7.333333333333333,1.83,41.12,31.48,3.197314565,2.8519826100000003
,3798931,2022-04-09 00:00:00,673,BSC Young Boys,31.91,6.24,4.19,9.33,4.1,16.32,8.84375,1.16,40.57,31.1,1.91326472,1.7224612400000003
,3798931,2022-04-09 00:00:00,3220,FC Lausanne Sport,27.69,22.33,3.31,4.8,5.17,6.27,10.567567567567568,1.16,37.29,30.47,1.345354749,1.0157835
,3799041,2022-04-03 00:00:00,1334,Lugano,23.72,6.2,4.49,8.0,4.53,18.2,14.290322580645162,0.78,39.87,33.0,1.654132014,1.3695431300000003
,3799041,2022-04-03 00:00:00,1148,Luzern,39.55,4.42,5.41,12.0,7.35,24.92,13.73913043478261,0.97,35.09,21.62,1.8629679634999998,1.95766388
,3799026,2022-04-03 00:00:00,1330,Servette,25.72,7.5,4.56,7.72,6.5,23.31,9.066666666666666,0.94,37.2,37.56,2.0324343899999997,1.6756282499999997
,3799026,2022-04-03 00:00:00,3220,FC Lausanne Sport,31.92,10.4,2.99,9.19,5.73,23.62,11.866666666666667,1.17,41.54,27.5,2.2462666,1.4146301099999998
,3799019,2022-04-03 00:00:00,673,BSC Young Boys,23.81,7.5,4.18,5.83,4.42,17.25,6.761904761904762,1.29,38.66,31.18,0.735153911,0.9263796000000001
,3799019,2022-04-03 00:00:00,1167,Basel,32.48,5.61,4.76,7.48,6.67,22.93,8.3125,1.34,43.71,36.03,1.086541007,0.88196902
,3798983,2022-04-02 00:00:00,1333,Sion,26.23,10.8,4.32,6.41,5.7,19.46,7.795918367346939,1.58,33.5,29.41,1.1830651659999998,1.1966089699999998
,3798983,2022-04-02 00:00:00,1176,St. Gallen,30.97,6.06,4.63,7.6,2.94,8.14,8.58974358974359,1.49,39.92,27.29,2.980571823,1.4838513599999998
,3798940,2022-04-02 00:00:00,995,FC Zürich,38.18,5.43,5.27,9.92,3.81,12.4,9.074074074074074,1.44,36.68,36.67,2.606527042,1.18880687
,3798940,2022-04-02 00:00:00,3227,Grasshopper,18.8,7.73,3.56,5.25,3.64,17.72,10.487804878048781,1.07,33.28,27.73,1.155043263,1.52603408
,3798943,2022-03-20 00:00:00,3220,FC Lausanne Sport,25.56,14.5,3.56,4.73,2.12,8.36,11.485714285714286,1.07,43.97,31.52,0.345078528,0.8065732400000001
,3799052,2022-03-20 00:00:00,1333,Sion,28.85,11.89,4.73,5.47,3.56,10.76,11.09375,1.1,34.47,23.22,0.5781743090000001,0.7750456
,3799052,2022-03-20 00:00:00,1330,Servette,28.99,5.25,4.07,9.53,4.3,13.76,11.178571428571429,0.97,43.93,37.17,1.6887891075,1.3781611500000002
,3799055,2022-03-20 00:00:00,1167,Basel,32.01,9.27,5.26,4.77,5.36,17.88,11.6,1.13,38.46,32.15,1.0538180009999998,0.7517475400000001
,3798943,2022-03-20 00:00:00,1334,Lugano,32.66,8.61,3.66,6.02,6.33,25.26,7.702702702702703,1.45,39.26,32.1,2.432006152,0.7606486299999998
,3799055,2022-03-20 00:00:00,3227,Grasshopper,26.44,6.75,4.16,7.2,4.5,13.93,12.185185185185185,0.84,41.84,24.85,2.5205501360000007,1.4762485900000004
,3798944,2022-03-19 00:00:00,1176,St. Gallen,24.44,16.43,3.83,5.99,3.86,15.02,9.709677419354838,1.17,38.2,36.95,0.852366287,2.03610324
,3799004,2022-03-19 00:00:00,673,BSC Young Boys,32.2,5.89,4.72,8.51,4.72,20.02,7.3,1.5,49.34,45.44,1.3815794625000002,2.07616961
,3799004,2022-03-19 00:00:00,995,FC Zürich,20.05,9.9,3.2,3.67,5.0,23.12,12.827586206896552,0.9,32.08,32.76,2.273665004,1.4591312399999998
,3798944,2022-03-19 00:00:00,1148,Luzern,26.4,8.38,3.85,5.58,3.77,12.24,6.25,2.29,37.34,19.63,2.7012410559999998,1.79220499
,3798953,2022-03-13 00:00:00,1148,Luzern,29.59,8.21,4.07,7.97,4.36,14.91,9.4,1.28,38.87,42.56,1.4993097990000002,1.4270958699999998
,3798953,2022-03-13 00:00:00,3227,Grasshopper,27.39,10.55,3.66,4.86,3.82,11.76,11.266666666666667,1.01,37.87,33.15,0.45999917199999996,1.09767892
,3798978,2022-03-13 00:00:00,3220,FC Lausanne Sport,23.6,18.2,3.74,3.46,5.6,16.55,13.90625,0.85,36.42,27.37,1.09043227,0.7895296099999999
,3798978,2022-03-13 00:00:00,673,BSC Young Boys,37.67,6.45,4.78,8.65,6.5,16.15,7.545454545454546,0.93,40.47,34.58,1.230788301,1.26363705
,3799071,2022-03-13 00:00:00,1167,Basel,42.34,5.82,5.39,8.54,9.45,32.1,10.347826086956522,1.3,37.77,36.9,2.5287825859999997,2.06460218
,3799071,2022-03-13 00:00:00,1330,Servette,17.69,9.1,3.34,4.1,5.1,19.4,14.8125,0.76,37.33,25.96,0.8856308439999999,0.79715206
,3798896,2022-03-12 00:00:00,1333,Sion,29.0,7.07,4.69,7.51,5.2,19.65,11.8125,1.12,35.5,38.54,0.813402474,1.28824872
,3798896,2022-03-12 00:00:00,1334,Lugano,28.47,6.67,6.58,7.14,6.58,22.79,12.161290322580646,1.07,30.9,26.09,2.0587179675000002,1.0924907999999998
,3799022,2022-03-12 00:00:00,995,FC Zürich,33.77,8.93,3.89,8.64,4.64,15.4,8.435897435897436,1.73,38.21,28.17,0.8134433969999999,1.76652334
,3799022,2022-03-12 00:00:00,1176,St. Gallen,22.51,8.64,3.28,6.21,5.07,19.85,8.761904761904763,1.24,41.41,23.37,2.519402808,2.3990531299999995
,3798898,2022-03-06 00:00:00,1330,Servette,23.21,5.53,3.83,7.58,3.16,12.95,19.72222222222222,0.6,46.09,14.6,2.166972843,0.8440241599999999
,3798909,2022-03-06 00:00:00,1176,St. Gallen,27.94,7.18,2.85,7.63,3.41,12.07,7.75,1.62,41.67,32.13,2.3035543274999997,1.5556576199999999
,3798909,2022-03-06 00:00:00,1333,Sion,22.29,18.6,3.89,7.7,2.4,11.29,8.615384615384615,1.4,32.55,28.88,0.49687206,0.4745096999999999
,3798898,2022-03-06 00:00:00,3227,Grasshopper,29.82,10.54,3.91,5.82,5.62,19.28,10.96551724137931,1.25,34.37,26.29,1.181628387,0.6845225799999999
,3799024,2022-03-06 00:00:00,1167,Basel,22.04,9.6,3.72,4.06,5.0,18.76,12.53125,0.94,39.72,38.57,1.029314014,0.9516839100000001
,3799024,2022-03-06 00:00:00,1334,Lugano,34.04,9.82,5.44,7.77,2.45,14.02,12.95,0.91,49.89,50.88,0.39562506000000003,1.05295853
,3798932,2022-03-05 00:00:00,673,BSC Young Boys,27.95,4.5,3.93,7.98,4.0,15.42,9.216216216216216,1.26,46.12,41.55,2.260499506,2.3786734200000006
,3798932,2022-03-05 00:00:00,1148,Luzern,29.4,9.0,6.22,5.99,7.3,25.99,10.34375,1.14,34.08,24.78,0.5416075089999999,1.43821264
,3799002,2022-03-05 00:00:00,3220,FC Lausanne Sport,29.62,5.95,4.64,6.68,8.21,33.33,12.0,0.88,38.85,30.96,1.3980747323,1.7333749699999998
,3799002,2022-03-05 00:00:00,995,FC Zürich,30.64,11.18,4.33,7.51,4.45,14.32,9.825,1.35,32.21,22.08,1.02323685,1.1032788699999998
,3798967,2022-03-03 00:00:00,1176,St. Gallen,21.21,6.4,3.29,3.84,6.0,17.75,7.796875,1.58,33.52,26.9,2.237121002,1.3168485300000001
,3798955,2022-03-03 00:00:00,3227,Grasshopper,34.33,5.59,5.6,10.3,3.88,11.34,13.304347826086957,1.04,33.57,49.0,1.0918751799999997,1.6470904199999998
,3798955,2022-03-03 00:00:00,1334,Lugano,22.07,7.92,4.58,5.45,3.5,16.8,13.592592592592593,0.79,32.29,17.05,1.5748215550000002,1.06761373
,3798967,2022-03-03 00:00:00,1167,Basel,40.42,8.39,4.74,10.08,4.72,29.05,11.476190476190476,0.99,43.69,42.03,1.9163820020000004,2.39123192
,3798942,2022-03-02 00:00:00,1333,Sion,25.99,30.0,5.32,4.91,10.0,32.64,6.55,1.43,43.45,34.39,0.5705907429999999,0.47382046
,3798942,2022-03-02 00:00:00,3220,FC Lausanne Sport,27.96,5.44,4.7,5.29,5.06,167.14,11.03225806451613,1.19,43.16,23.72,1.3114058739999999,1.31863822
,3799007,2022-03-02 00:00:00,995,FC Zürich,24.42,4.24,4.04,7.89,3.68,12.22,9.617647058823529,1.3,34.13,31.57,2.569427137,1.1275819999999999
,3799007,2022-03-02 00:00:00,1148,Luzern,26.13,9.5,3.71,7.35,5.75,22.54,9.333333333333334,1.47,39.52,41.81,0.82342856,1.1513664900000002
,3798941,2022-03-01 00:00:00,673,BSC Young Boys,34.6,6.74,4.4,8.94,4.47,21.12,8.821428571428571,1.3,41.56,42.26,0.9823042004999997,2.0279708899999997
,3798941,2022-03-01 00:00:00,1330,Servette,21.55,6.86,3.62,6.08,2.36,10.24,11.35135135135135,1.07,33.35,33.09,1.2618649809999998,1.0535224499999998
,3799060,2022-02-27 00:00:00,3220,FC Lausanne Sport,26.86,5.67,4.62,6.68,4.78,21.51,10.966666666666667,1.05,33.12,31.75,1.3728642830000002,1.4972202500000003
,3799060,2022-02-27 00:00:00,1148,Luzern,28.49,5.45,4.15,6.79,5.3,14.95,15.0,0.74,37.32,11.1,2.2757949589999997,1.7739707700000003
,3799066,2022-02-27 00:00:00,1176,St. Gallen,34.83,5.59,4.44,9.4,5.45,16.94,8.5,1.52,35.92,32.31,2.4825735110000005,1.7622962499999997
,3799066,2022-02-27 00:00:00,3227,Grasshopper,21.01,15.0,3.5,4.71,2.71,14.31,10.93939393939394,0.95,39.83,31.38,0.6099533450000001,0.80708252
,3799038,2022-02-27 00:00:00,995,FC Zürich,23.45,4.84,3.84,7.89,3.95,15.57,7.146341463414634,1.62,41.04,43.49,3.7609811129999997,1.7129183600000002
,3799038,2022-02-27 00:00:00,1167,Basel,25.37,10.54,3.17,5.83,4.46,19.18,8.4375,1.36,31.35,23.18,1.157518756,1.0969135300000001
,3798972,2022-02-26 00:00:00,1333,Sion,26.39,13.71,4.62,5.43,6.0,19.63,9.78048780487805,1.2,37.15,30.53,0.8163411020000001,1.19944521
,3798972,2022-02-26 00:00:00,673,BSC Young Boys,34.24,5.23,3.93,11.6,3.92,16.94,8.866666666666667,1.14,44.19,31.11,3.7092165980000003,1.8222717199999998
,3798963,2022-02-26 00:00:00,1334,Lugano,23.52,8.45,4.09,4.14,2.82,10.74,10.0,1.16,35.66,27.96,1.456980052,1.3234369700000004
,3798963,2022-02-26 00:00:00,1330,Servette,34.54,8.5,3.92,7.8,2.88,10.95,7.548387096774194,1.32,35.22,36.79,0.9292802405000001,1.6506213299999999
,3799044,2022-02-20 00:00:00,3227,Grasshopper,26.82,6.85,4.29,4.98,2.08,10.08,9.4,1.34,38.39,27.11,1.0844464990000002,1.06211157
,3799044,2022-02-20 00:00:00,673,BSC Young Boys,26.07,8.2,3.46,7.79,2.93,9.62,7.416666666666667,1.34,40.97,45.35,2.401989896,0.6203833500000001
,3799039,2022-02-20 00:00:00,1330,Servette,21.56,10.6,3.18,4.97,2.3,6.54,8.148936170212766,1.25,44.27,35.69,0.764619673,1.03419472
,3799039,2022-02-20 00:00:00,1148,Luzern,37.47,5.58,5.29,9.49,7.95,28.96,7.175,1.86,48.67,39.78,1.147619105,1.7823236600000003
,3799047,2022-02-20 00:00:00,1333,Sion,21.95,7.25,3.9,4.22,5.0,13.97,7.230769230769231,1.51,39.18,30.17,0.625942523,0.58161329
,3799047,2022-02-20 00:00:00,995,FC Zürich,34.54,5.1,4.4,8.46,5.57,19.22,7.5,1.28,49.71,52.26,1.8751545319999998,1.6699176099999997
,3798903,2022-02-19 00:00:00,1176,St. Gallen,21.88,22.4,3.36,6.47,4.6,6.51,9.86111111111111,1.06,41.62,33.5,1.663774922,0.88821827
,3798903,2022-02-19 00:00:00,1334,Lugano,33.84,7.85,4.96,5.98,7.62,27.17,9.242424242424242,1.51,34.55,28.22,0.72474184,1.6020961
,3798918,2022-02-19 00:00:00,1167,Basel,43.21,6.65,5.88,11.94,4.65,18.12,8.695652173913043,1.1,45.17,35.48,2.294510794,1.56835578
,3798918,2022-02-19 00:00:00,3220,FC Lausanne Sport,20.91,12.86,3.92,3.58,5.14,19.23,13.057142857142857,0.81,34.92,24.74,0.5188098114999999,0.8454396300000001
,3798994,2022-02-13 00:00:00,1148,Luzern,29.23,9.07,3.84,7.99,5.0,26.5,7.696969696969697,1.52,47.38,40.94,0.929454743,1.7591719799999999
,3798994,2022-02-13 00:00:00,1333,Sion,21.76,10.89,3.69,4.94,2.56,11.71,10.35897435897436,1.33,36.45,24.1,0.45400038550000005,0.8551413999999998
,3799023,2022-02-13 00:00:00,995,FC Zürich,22.89,4.65,4.37,5.94,3.53,15.21,12.030303030303031,1.06,29.65,25.05,2.1470813169999996,1.6067500499999996
,3799023,2022-02-13 00:00:00,1334,Lugano,31.24,7.38,5.73,8.06,8.85,25.75,10.88,1.09,43.34,39.33,1.2026127469999999,1.5084918699999996
,3798895,2022-02-13 00:00:00,673,BSC Young Boys,23.98,5.94,3.45,5.54,4.78,16.23,7.285714285714286,1.24,38.72,33.97,1.6426166880000002,1.7960204499999999
,3798895,2022-02-13 00:00:00,1167,Basel,33.81,7.71,4.74,7.13,3.79,12.21,7.027027027027027,1.54,33.38,25.71,0.871416061,1.01041117
,3799058,2022-02-12 00:00:00,3220,FC Lausanne Sport,29.8,19.29,3.9,5.28,5.71,17.65,11.264705882352942,1.0,38.91,22.8,0.642991231,0.8368396699999997
,3799058,2022-02-12 00:00:00,3227,Grasshopper,33.92,10.38,6.98,5.22,7.0,27.49,10.066666666666666,1.01,46.34,45.06,0.86837071,0.8861330500000001
,3798977,2022-02-12 00:00:00,1330,Servette,31.12,6.71,4.56,6.1,4.0,13.9,9.647058823529411,1.26,38.91,22.25,2.174655163,1.52440869
,3798977,2022-02-12 00:00:00,1176,St. Gallen,26.94,6.14,5.31,4.08,9.79,31.86,8.25,1.29,40.25,23.5,2.952792144,1.8463552699999999
,3798922,2022-02-06 00:00:00,673,BSC Young Boys,16.67,6.92,2.88,4.16,2.23,7.44,7.821428571428571,1.37,39.66,24.34,2.4855149020000002,1.2616849
,3798923,2022-02-06 00:00:00,1333,Sion,20.32,5.72,2.92,4.6,2.5,11.85,10.108108108108109,1.05,39.93,38.6,2.712406111,1.26955784
,3798923,2022-02-06 00:00:00,1167,Basel,35.4,9.73,5.37,6.08,6.55,19.04,6.548387096774194,1.53,42.2,28.1,1.7511713129999997,1.09556452
,3799018,2022-02-06 00:00:00,1334,Lugano,30.65,7.53,4.36,5.22,7.07,22.68,7.0,1.72,42.25,38.68,1.1387675770000003,0.9634853500000001
,3798922,2022-02-06 00:00:00,1176,St. Gallen,41.01,9.92,5.36,8.35,7.08,19.75,9.375,1.44,37.25,21.16,1.2622866369999999,1.62251149
,3799018,2022-02-06 00:00:00,1148,Luzern,25.52,8.25,4.36,5.48,4.83,16.8,9.647058823529411,1.11,37.36,33.24,0.5416945455,0.9227710699999999
,3799020,2022-02-05 00:00:00,3227,Grasshopper,22.95,7.25,4.15,5.0,3.0,10.73,10.32258064516129,1.1,42.28,41.35,1.0273935955,0.8936600600000003
,3799020,2022-02-05 00:00:00,995,FC Zürich,28.3,9.7,4.81,5.89,2.6,11.31,9.178571428571429,1.22,35.28,22.47,1.9777321459999997,1.23680132
,3798997,2022-02-05 00:00:00,3220,FC Lausanne Sport,27.73,26.5,3.97,6.0,5.5,24.04,12.818181818181818,0.97,39.79,24.69,0.250079107,0.6215167300000001
,3798997,2022-02-05 00:00:00,1330,Servette,33.95,10.25,4.65,7.47,4.75,12.66,6.125,1.44,47.85,44.08,0.837739469,1.77796629
,3799017,2022-01-30 00:00:00,1333,Sion,20.92,5.56,3.83,4.21,3.56,12.83,14.192307692307692,0.82,41.78,26.84,1.541776355,1.02880687
,3799017,2022-01-30 00:00:00,3227,Grasshopper,31.56,12.88,4.88,6.71,9.38,19.08,11.409090909090908,1.05,42.09,38.39,0.6581197910000001,1.2112513200000004
,3798916,2022-01-30 00:00:00,1167,Basel,33.37,6.27,5.33,6.76,6.4,24.38,13.333333333333334,0.81,34.6,21.2,2.9065800465,1.4903300800000001
,3799043,2022-01-30 00:00:00,3220,FC Lausanne Sport,21.69,17.8,3.89,4.89,4.0,12.67,9.894736842105264,1.08,33.67,27.82,0.166010438,1.13730576
,3799043,2022-01-30 00:00:00,1176,St. Gallen,35.24,5.0,5.48,10.07,5.0,22.62,7.62962962962963,1.24,34.96,27.56,4.56456496,2.18693992
,3798916,2022-01-30 00:00:00,1148,Luzern,25.78,7.0,3.97,7.85,4.21,17.4,8.948717948717949,1.17,37.76,34.87,0.6713031190000001,1.47089009
,3798950,2022-01-29 00:00:00,673,BSC Young Boys,34.62,10.85,4.17,7.97,6.77,19.74,12.875,0.98,43.15,43.59,0.70898907,1.4579724100000002
,3798950,2022-01-29 00:00:00,1334,Lugano,24.47,16.83,4.48,6.07,5.5,17.3,10.390243902439025,1.18,38.34,32.91,0.329968841,0.5244299800000001
,3799006,2022-01-29 00:00:00,995,FC Zürich,25.25,12.22,4.13,5.47,3.78,14.86,13.0,0.83,44.12,35.38,0.412579716,1.51682141
,3799006,2022-01-29 00:00:00,1330,Servette,34.98,7.12,4.9,10.47,7.81,26.3,7.869565217391305,1.82,39.09,34.0,1.142313372,1.33722402
,3799048,2021-12-19 00:00:00,673,BSC Young Boys,25.23,7.85,4.13,4.98,3.54,10.91,14.904761904761905,0.61,44.32,28.08,2.00577247,1.0367461
,3798915,2021-12-19 00:00:00,3220,FC Lausanne Sport,29.32,10.36,4.25,4.82,5.27,18.53,13.0,0.78,41.2,41.25,0.999251366,0.7870314199999999
,3799048,2021-12-19 00:00:00,1334,Lugano,34.34,9.0,6.35,5.41,7.0,21.67,10.066666666666666,1.19,38.13,45.7,0.439317339,0.84386133
,3798921,2021-12-19 00:00:00,1167,Basel,37.88,5.39,4.77,10.52,5.13,20.97,8.28125,1.35,41.15,25.69,2.381677235,2.20740929
,3798915,2021-12-19 00:00:00,1333,Sion,29.56,10.78,5.29,7.24,3.67,12.32,8.451612903225806,1.06,33.81,18.72,1.2037859430000002,1.0430374399999998
,3798921,2021-12-19 00:00:00,3227,Grasshopper,23.72,7.15,4.24,6.17,6.38,21.63,11.526315789473685,1.0,39.93,38.68,2.140606726,1.1169070400000003
,3799070,2021-12-18 00:00:00,1148,Luzern,35.59,7.64,4.9,8.91,4.57,18.03,9.024390243902438,1.46,38.73,36.54,0.7388589069999999,1.9070312999999999
,3799070,2021-12-18 00:00:00,1330,Servette,28.06,6.4,5.11,5.48,2.73,12.05,8.8,1.12,34.04,26.25,2.576238627,1.1499830199999999
,3799064,2021-12-18 00:00:00,995,FC Zürich,23.01,12.27,2.91,5.2,3.82,13.33,8.342105263157896,1.35,39.77,34.25,2.6085007239999998,1.3986090599999998
,3799064,2021-12-18 00:00:00,1176,St. Gallen,28.18,6.26,2.95,10.68,3.52,14.93,7.065217391304348,2.0,39.13,32.71,1.8987696109999999,0.75620218
,3798908,2021-12-15 00:00:00,673,BSC Young Boys,29.9,5.68,3.82,8.75,2.55,8.28,8.931034482758621,1.19,45.86,33.26,2.354450793,2.03914213
,3798908,2021-12-15 00:00:00,1167,Basel,24.44,11.67,3.3,4.57,2.44,13.32,11.413793103448276,0.97,28.6,11.64,0.7812229970000001,1.1159721599999997
,3799068,2021-12-12 00:00:00,1333,Sion,19.54,11.44,3.25,5.39,3.33,17.31,10.782608695652174,1.09,30.25,24.27,1.483674891,0.64533559
,3798913,2021-12-12 00:00:00,1167,Basel,39.55,9.23,5.62,9.5,8.62,36.51,10.703703703703704,1.18,39.27,34.0,0.9027962770000001,2.0531621799999993
,3798913,2021-12-12 00:00:00,1330,Servette,22.8,5.94,3.8,5.67,3.5,15.96,13.971428571428572,0.88,36.28,42.86,1.566956037,1.5132289199999995
,3799068,2021-12-12 00:00:00,673,BSC Young Boys,42.2,4.12,6.26,12.73,6.62,20.92,10.35,1.02,34.23,37.92,2.8369579535000007,2.92027487
,3798946,2021-12-12 00:00:00,1148,Luzern,20.04,10.38,4.12,5.11,3.25,11.93,15.8,0.7,33.44,21.93,1.256879954,1.38837048
,3798946,2021-12-12 00:00:00,3227,Grasshopper,35.67,6.8,5.54,7.87,10.33,29.82,10.727272727272727,1.1,34.63,27.26,1.4543448669999999,1.4473270499999995
,3798947,2021-12-11 00:00:00,3220,FC Lausanne Sport,26.84,8.0,4.95,5.79,11.17,37.44,14.40625,0.85,35.53,29.09,1.057953952,0.7343186799999999
,3798947,2021-12-11 00:00:00,995,FC Zürich,37.61,6.31,6.58,7.62,8.19,24.51,9.586206896551724,1.08,40.4,36.58,2.0586851820000005,1.91404911
,3798897,2021-12-11 00:00:00,1176,St. Gallen,35.71,8.13,4.71,10.81,4.8,16.61,7.75,1.38,46.05,51.83,0.907465989,1.59528674
,3798897,2021-12-11 00:00:00,1334,Lugano,23.12,9.7,3.79,5.45,4.0,16.9,7.896551724137931,1.62,34.85,24.95,0.478570084,0.3665836600000002
,3798914,2021-12-05 00:00:00,1167,Basel,41.51,4.75,5.58,10.37,6.17,19.27,6.466666666666667,1.42,41.39,28.46,3.2169670500000005,2.5158576099999994
,3798914,2021-12-05 00:00:00,3220,FC Lausanne Sport,21.17,7.55,3.84,4.12,3.73,13.86,11.864864864864865,0.89,38.59,35.65,1.5759991119999999,0.9226939899999997
,3798974,2021-12-05 00:00:00,3227,Grasshopper,31.0,5.8,3.97,5.99,7.2,35.06,6.340425531914893,1.65,37.47,30.76,3.0693577290000005,2.03118562
,3798902,2021-12-05 00:00:00,1333,Sion,28.53,8.38,5.04,5.38,7.38,24.68,14.857142857142858,0.88,37.62,29.6,0.669066299,1.5724763599999998
,3798902,2021-12-05 00:00:00,1334,Lugano,31.84,6.67,5.54,7.37,3.67,10.05,16.869565217391305,0.81,43.01,30.43,1.9003324250000002,0.86581979
,3798974,2021-12-05 00:00:00,1176,St. Gallen,28.4,9.82,3.63,11.73,3.55,9.12,14.619047619047619,0.68,37.46,19.75,1.3450398140000002,1.27238779
,3798975,2021-12-04 00:00:00,673,BSC Young Boys,41.39,6.53,5.19,9.05,10.41,38.86,8.527777777777779,1.5,42.55,33.13,0.9473803114000001,1.7620992000000002
,3798975,2021-12-04 00:00:00,1330,Servette,23.98,10.4,4.14,6.59,4.1,12.02,10.35,0.97,35.8,26.29,1.76371795,1.3238881799999997
,3799016,2021-12-04 00:00:00,995,FC Zürich,27.55,3.88,5.31,7.23,4.96,18.41,8.342105263157896,1.33,38.65,33.83,3.6231440200000002,2.23843013
,3799016,2021-12-04 00:00:00,1148,Luzern,28.65,7.67,4.12,7.51,6.53,24.03,11.848484848484848,1.2,38.83,33.0,0.6779368000000001,1.2764750800000002
,3798920,2021-12-01 00:00:00,673,BSC Young Boys,38.7,4.95,5.48,9.37,5.95,18.82,7.88,1.16,46.48,48.8,2.4561701603,1.0794083999999997
,3798920,2021-12-01 00:00:00,1334,Lugano,21.56,8.73,3.08,4.22,4.09,12.48,8.5,1.29,38.47,25.87,0.467936408,0.65529072
,3799029,2021-11-28 00:00:00,1330,Servette,25.78,9.3,4.54,5.18,6.7,25.07,8.27027027027027,1.03,31.19,18.66,2.1800225,2.0770360599999997
,3798926,2021-11-28 00:00:00,995,FC Zürich,20.95,10.67,3.15,4.86,2.67,13.26,7.938775510204081,1.35,36.56,25.13,1.0956001030000002,1.01461375
,3798926,2021-11-28 00:00:00,673,BSC Young Boys,36.29,5.14,4.76,10.89,6.27,31.07,6.078947368421052,1.81,44.15,40.67,0.9145887285000002,1.5658752999999999
,3799029,2021-11-28 00:00:00,3220,FC Lausanne Sport,35.91,9.23,4.62,7.03,3.69,16.58,11.8,0.97,38.62,17.5,0.6219522259999999,0.9675443200000001
,3799014,2021-11-28 00:00:00,1167,Basel,26.61,7.85,4.71,6.94,5.85,22.47,9.571428571428571,1.1,34.61,26.44,1.9720612220000002,1.5646532699999998
,3799014,2021-11-28 00:00:00,1148,Luzern,31.77,4.5,5.26,8.19,4.82,16.58,7.12,1.88,39.72,32.96,2.3635039890000002,1.9858640599999995
,3799051,2021-11-27 00:00:00,1333,Sion,24.47,9.0,3.6,5.75,3.75,13.16,6.553571428571429,2.06,34.93,18.37,1.7073720680000002,0.90741232
,3799051,2021-11-27 00:00:00,1176,St. Gallen,27.19,6.0,4.26,7.33,6.47,22.8,6.837837837837838,1.51,45.79,31.81,1.0151872289999997,1.2963850299999997
,3799065,2021-11-27 00:00:00,3227,Grasshopper,33.4,6.43,6.01,7.48,4.5,18.82,9.555555555555555,1.25,39.99,40.57,1.2806097310000002,1.1209304999999998
,3799065,2021-11-27 00:00:00,1334,Lugano,28.71,5.73,5.8,6.69,7.0,27.82,11.454545454545455,0.99,40.36,33.96,2.029614718,0.6862444799999999
,3799012,2021-11-21 00:00:00,3227,Grasshopper,34.96,7.75,5.86,6.29,3.92,14.72,8.969696969696969,1.4,39.9,41.17,1.6542619509999998,1.7797869899999998
,3798929,2021-11-21 00:00:00,1334,Lugano,23.04,9.0,4.09,4.47,2.91,11.06,14.296296296296296,0.77,41.26,18.4,2.2060629539999996,1.0985804499999998
,3798929,2021-11-21 00:00:00,1148,Luzern,34.92,7.62,5.61,7.29,6.08,21.28,8.290322580645162,1.35,34.63,31.24,0.9561622755000001,1.4433923700000002
,3799012,2021-11-21 00:00:00,1330,Servette,23.57,6.5,4.08,5.06,4.69,392.04,10.153846153846153,1.12,35.39,27.61,2.87661171,1.7628210199999996
,3798985,2021-11-21 00:00:00,1176,St. Gallen,33.94,13.18,3.7,9.59,8.27,41.98,6.0,1.83,37.98,34.65,1.6027675390000002,1.5061856900000001
,3798985,2021-11-21 00:00:00,3220,FC Lausanne Sport,21.27,7.31,2.61,4.47,1.81,7.09,7.0,1.65,36.06,34.02,2.700645281,1.2675277399999998
,3798928,2021-11-20 00:00:00,1333,Sion,36.12,6.88,5.81,13.5,5.81,16.44,9.846153846153847,1.31,40.38,28.19,1.4222299415000001,1.9933444100000004
,3798928,2021-11-20 00:00:00,995,FC Zürich,19.8,8.67,3.96,5.31,6.33,27.35,9.936170212765957,1.3,36.01,23.47,1.7360914029999999,1.39924835
,3798901,2021-11-07 00:00:00,1167,Basel,28.7,10.08,4.04,8.22,3.58,14.79,7.0,1.8,34.79,23.12,1.5990849559999998,1.5953197500000003
,3798901,2021-11-07 00:00:00,1176,St. Gallen,25.04,4.43,3.79,6.46,3.17,11.55,7.354166666666667,1.67,40.3,32.9,2.96827422,1.6593384399999997
,3798979,2021-11-07 00:00:00,3220,FC Lausanne Sport,29.25,6.4,5.01,9.04,6.2,25.2,9.294117647058824,1.25,34.33,45.29,1.263042286,1.6237941699999998
,3798979,2021-11-07 00:00:00,1334,Lugano,27.15,9.55,4.3,9.26,4.18,11.8,8.324324324324325,1.26,33.69,34.5,1.873114771,1.0239356799999997
,3798930,2021-11-07 00:00:00,1330,Servette,34.27,7.93,4.91,9.31,5.87,20.05,7.212121212121212,1.74,38.99,35.91,0.7880037855,1.0494742499999998
,3798930,2021-11-07 00:00:00,995,FC Zürich,18.94,8.08,3.41,4.76,1.58,8.08,11.35135135135135,1.08,37.59,31.87,1.1119183070000003,0.68023024
,3799056,2021-11-06 00:00:00,3227,Grasshopper,19.4,14.14,3.3,4.04,4.29,13.69,12.0,0.84,32.98,26.98,0.6629739400000001,1.2375363599999998
,3799056,2021-11-06 00:00:00,673,BSC Young Boys,38.23,4.42,3.94,12.31,4.91,17.58,12.421052631578947,0.98,40.58,50.15,3.1136077130000004,3.37110105
,3799035,2021-11-06 00:00:00,1333,Sion,26.38,13.71,5.05,5.01,3.86,10.08,14.392857142857142,0.83,36.6,24.75,0.771047734,0.8947457599999998
,3799035,2021-11-06 00:00:00,1148,Luzern,33.58,4.95,5.52,8.43,3.84,12.63,9.382352941176471,1.29,38.98,38.04,1.595421138,1.7002575200000003
,3799037,2021-10-31 00:00:00,1334,Lugano,31.37,8.08,5.21,8.53,5.0,20.94,12.296296296296296,1.0,36.47,32.77,1.9488095089999997,1.41119192
,3799037,2021-10-31 00:00:00,1330,Servette,27.08,6.94,4.5,6.2,4.06,14.12,11.133333333333333,0.96,45.2,21.83,1.6588006279999998,1.4474140500000001
,3798945,2021-10-31 00:00:00,3220,FC Lausanne Sport,33.42,15.0,5.84,8.41,7.33,20.9,9.5,1.0,34.9,29.45,0.375769432,0.9763697700000001
,3798945,2021-10-31 00:00:00,1148,Luzern,31.89,8.9,5.73,7.69,8.0,28.25,9.333333333333334,1.08,36.51,32.12,0.2910354445,0.9091189399999999
,3799036,2021-10-31 00:00:00,1333,Sion,35.77,19.67,5.09,7.73,2.67,8.83,10.62962962962963,1.14,43.27,32.39,1.76612952,0.9854638499999999
,3799036,2021-10-31 00:00:00,3227,Grasshopper,23.71,8.78,4.73,4.5,7.67,29.33,12.93939393939394,0.92,37.09,25.39,1.6731827810000002,1.4734888099999999
,3799027,2021-10-30 00:00:00,1176,St. Gallen,22.5,12.86,3.89,6.97,2.14,9.79,11.65625,0.96,45.26,36.63,1.255757031,0.7862730000000001
,3799027,2021-10-30 00:00:00,673,BSC Young Boys,33.23,8.46,4.79,9.09,4.85,15.87,9.206896551724139,1.29,36.5,29.93,1.6328114770000004,1.5400418200000003
,3798925,2021-10-30 00:00:00,1167,Basel,25.06,5.11,4.28,6.77,4.0,16.42,10.181818181818182,1.18,45.52,40.23,1.65546398,1.5321665599999998
,3798925,2021-10-30 00:00:00,995,FC Zürich,27.89,7.35,3.14,6.59,3.25,13.06,11.625,0.96,38.4,37.03,1.6575651175000004,2.36430187
,3798919,2021-10-24 00:00:00,1330,Servette,42.21,6.91,4.66,12.27,6.23,14.58,12.368421052631579,1.02,38.14,39.93,1.7275565359999998,2.42289087
,3798919,2021-10-24 00:00:00,1333,Sion,18.61,21.75,3.63,3.35,3.25,15.24,13.55,0.95,34.26,26.46,0.7418174379999999,0.7959722100000002
,3799046,2021-10-24 00:00:00,1148,Luzern,19.63,7.33,2.6,5.15,2.47,8.56,9.45,1.22,33.65,14.84,2.087659434,0.95464112
,3799046,2021-10-24 00:00:00,1176,St. Gallen,32.74,7.14,5.11,8.94,5.07,16.72,8.0,1.43,39.39,40.84,0.810661916,1.8852757400000004
,3799010,2021-10-24 00:00:00,1167,Basel,27.38,5.81,4.66,6.83,4.69,17.56,9.871794871794872,1.13,35.35,37.37,1.7691881699999998,1.1432460899999999
,3799010,2021-10-24 00:00:00,1334,Lugano,34.46,5.4,5.14,8.7,5.4,15.54,11.6,0.91,33.82,22.83,1.5729411320000002,1.45346738
,3799062,2021-10-23 00:00:00,3227,Grasshopper,22.5,7.27,3.89,7.81,3.73,15.23,10.128205128205128,1.15,36.85,36.43,1.3918429670000003,0.8578239199999999
,3799062,2021-10-23 00:00:00,995,FC Zürich,33.94,10.69,3.79,8.51,5.0,14.17,11.61111111111111,0.8,40.56,34.93,0.9928420285000001,1.41078736
,3798934,2021-10-23 00:00:00,673,BSC Young Boys,28.92,5.44,5.12,7.09,7.83,32.06,6.705882352941177,1.26,41.51,30.77,2.163605743,2.2619218
,3798934,2021-10-23 00:00:00,3220,FC Lausanne Sport,26.9,8.82,4.19,5.12,3.55,13.58,13.192307692307692,0.9,35.59,32.2,1.864393394,1.0280351099999998
,3798964,2021-10-17 00:00:00,3227,Grasshopper,35.19,6.59,5.48,8.91,5.12,16.23,5.393939393939394,1.56,33.93,27.58,1.699485926,1.80025265
,3798910,2021-10-17 00:00:00,1330,Servette,33.53,7.67,5.42,8.51,4.73,14.03,10.275862068965518,1.14,35.07,33.43,1.722843449,1.8830219400000001
,3798910,2021-10-17 00:00:00,1176,St. Gallen,25.38,10.3,3.99,4.66,2.5,8.06,12.65625,0.95,37.41,34.42,1.3847745040000001,1.4867602899999999
,3798933,2021-10-17 00:00:00,1333,Sion,23.36,8.27,3.64,4.98,5.18,24.77,9.795454545454545,1.24,33.13,22.84,0.47534241600000005,0.88306839
,3798964,2021-10-17 00:00:00,3220,FC Lausanne Sport,21.14,11.88,2.97,4.9,1.25,5.43,9.978260869565217,1.31,36.61,14.4,1.148724402,0.8251271400000003
,3798933,2021-10-17 00:00:00,1167,Basel,35.47,10.0,4.13,10.33,8.15,29.43,6.461538461538462,1.67,38.24,26.09,0.759024491,1.6153550699999997
,3798986,2021-10-16 00:00:00,995,FC Zürich,30.41,4.7,5.37,5.8,5.55,19.86,9.966666666666667,1.14,46.44,45.08,1.7193553420000003,1.8750875299999998
,3798986,2021-10-16 00:00:00,1334,Lugano,26.34,8.3,5.33,5.44,4.9,18.84,8.952380952380953,1.38,35.94,27.06,0.323987109,0.8575504200000001
,3799028,2021-10-16 00:00:00,673,BSC Young Boys,37.47,4.7,4.61,10.04,4.89,20.28,9.185185185185185,1.1,38.36,36.87,2.559696614,2.31434098
,3799028,2021-10-16 00:00:00,1148,Luzern,24.53,10.43,4.9,5.36,5.29,13.89,14.363636363636363,0.88,32.65,40.32,1.023749645,0.73109318
,3798976,2021-10-03 00:00:00,673,BSC Young Boys,36.02,4.25,5.62,10.09,4.71,18.01,7.103448275862069,1.5,46.5,46.8,4.601124109,2.84761688
,3799054,2021-10-03 00:00:00,1333,Sion,26.9,5.79,5.23,6.14,4.71,17.68,11.333333333333334,1.2,36.89,36.83,1.2050003960000002,1.2581438099999998
,3799054,2021-10-03 00:00:00,995,FC Zürich,29.97,5.65,5.86,6.37,7.82,24.47,7.9714285714285715,1.3,41.85,29.72,2.3895036540000003,2.3592603599999995
,3799001,2021-10-03 00:00:00,1167,Basel,40.39,7.43,6.4,9.82,5.43,19.56,9.652173913043478,1.03,50.37,44.33,1.650504631,1.2850199999999998
,3798976,2021-10-03 00:00:00,1330,Servette,19.38,12.12,3.72,3.82,3.75,17.65,13.935483870967742,0.86,28.45,23.69,0.4180047310000001,0.43265400000000004
,3799001,2021-10-03 00:00:00,1148,Luzern,22.25,8.17,3.92,4.06,4.42,14.75,11.125,1.19,35.12,19.0,1.3681753915,0.76469617
,3799034,2021-10-02 00:00:00,1334,Lugano,28.94,3.91,5.33,8.46,9.36,27.1,13.384615384615385,0.75,39.4,48.0,3.3561515080000004,2.03532001
,3798982,2021-10-02 00:00:00,3227,Grasshopper,24.01,8.08,3.95,4.73,6.33,21.9,6.708333333333333,1.57,37.84,29.51,2.224161068,1.4100979800000002
,3798982,2021-10-02 00:00:00,1176,St. Gallen,30.55,7.36,4.59,6.58,3.14,8.9,7.96969696969697,1.37,38.6,33.79,1.823800143,1.1563609899999998
,3799034,2021-10-02 00:00:00,3220,FC Lausanne Sport,34.44,11.11,5.42,6.91,8.56,32.84,12.0,1.0,39.24,24.66,1.147820647,1.3104576799999998
,3798999,2021-09-26 00:00:00,3227,Grasshopper,27.45,4.05,5.72,7.89,5.76,15.94,13.833333333333334,0.74,37.77,22.0,2.3765851529999997,1.9872501999999999
,3798999,2021-09-26 00:00:00,1333,Sion,24.46,16.8,4.36,5.32,6.4,23.37,22.875,0.58,39.79,18.9,0.6991957510000001,0.69460811
,3798992,2021-09-26 00:00:00,1334,Lugano,21.06,8.1,4.35,3.72,6.1,25.4,12.05,1.0,33.74,23.97,1.5656079500000002,1.30267945
,3799050,2021-09-26 00:00:00,995,FC Zürich,24.2,4.63,4.95,7.25,4.68,11.91,14.0,0.72,42.74,45.58,2.085142548,1.24185401
,3799050,2021-09-26 00:00:00,1167,Basel,34.64,9.54,4.26,7.13,4.77,22.88,10.724137931034482,1.2,35.09,35.91,1.557143467,1.09126973
,3798992,2021-09-26 00:00:00,1148,Luzern,39.95,8.0,4.68,11.87,4.24,16.9,9.0,1.38,47.07,49.54,1.6145133409999997,1.4366113299999999
,3798939,2021-09-25 00:00:00,1330,Servette,38.14,6.06,6.78,10.93,6.53,18.1,6.878787878787879,1.23,42.73,44.71,1.3798347519999996,1.7761643699999998
,3798939,2021-09-25 00:00:00,3220,FC Lausanne Sport,26.73,21.0,3.78,4.46,4.2,55.2,15.818181818181818,0.87,34.1,31.64,1.009155694,0.6782893899999999
,3799009,2021-09-25 00:00:00,673,BSC Young Boys,28.48,6.38,3.19,6.46,3.67,11.54,11.6,1.12,39.7,32.13,2.5443643020000004,1.8004545800000002
,3799009,2021-09-25 00:00:00,1176,St. Gallen,22.34,8.62,3.66,4.2,2.15,9.78,8.0,1.4,32.76,27.83,0.843379622,1.1338970899999998
,3799000,2021-09-23 00:00:00,1333,Sion,26.21,6.11,4.03,6.02,4.11,17.49,8.441176470588236,1.16,32.14,29.99,1.8534903584999995,0.79801191
,3799000,2021-09-23 00:00:00,1148,Luzern,29.38,8.18,4.8,6.62,3.27,16.03,9.606060606060606,1.26,42.29,37.8,1.473609258,1.2466670700000002
,3798900,2021-09-23 00:00:00,1334,Lugano,24.23,13.11,3.29,4.69,4.67,16.15,15.133333333333333,0.84,34.81,31.95,1.2940810675,0.7319540600000001
,3798900,2021-09-23 00:00:00,3227,Grasshopper,35.51,6.47,5.37,7.32,5.53,17.0,12.227272727272727,0.91,37.19,30.98,1.022882112,1.54318476
,3798911,2021-09-22 00:00:00,1167,Basel,32.54,10.08,4.42,6.74,4.5,20.83,6.549019607843137,2.01,35.35,26.79,2.076894071,1.5296014100000002
,3798911,2021-09-22 00:00:00,1176,St. Gallen,25.39,5.37,4.23,5.88,6.11,17.29,6.1568627450980395,1.57,40.53,43.29,1.244292132,1.1540539699999999
,3799013,2021-09-22 00:00:00,3220,FC Lausanne Sport,23.09,8.77,2.84,4.12,2.54,10.99,11.232558139534884,1.12,41.87,38.36,0.8357853390000001,1.0345904100000003
,3799013,2021-09-22 00:00:00,673,BSC Young Boys,38.49,7.67,4.85,10.86,9.33,26.45,5.382352941176471,1.47,44.76,40.9,3.843600027,2.2885794899999996
,3798987,2021-09-21 00:00:00,995,FC Zürich,33.22,12.0,3.99,6.65,5.55,18.79,13.333333333333334,0.81,42.91,32.79,0.800375033,1.22674609
,3798987,2021-09-21 00:00:00,1330,Servette,29.79,6.67,5.24,5.29,5.4,19.27,11.857142857142858,0.84,41.29,36.46,2.397960497,1.78661153
,3799074,2021-09-12 00:00:00,3220,FC Lausanne Sport,33.45,5.2,6.46,9.32,5.33,20.26,6.848484848484849,1.59,39.77,39.45,0.9903309260000002,1.47724181
,3799074,2021-09-12 00:00:00,1333,Sion,20.78,7.25,3.7,8.05,3.33,10.96,8.073170731707316,1.23,35.98,31.04,1.059797857,1.1499561100000004
,3798989,2021-09-12 00:00:00,1334,Lugano,26.41,7.64,5.04,7.55,5.18,20.6,9.307692307692308,1.14,38.07,28.64,0.8852405984999999,1.43643935
,3798989,2021-09-12 00:00:00,1167,Basel,34.29,12.1,4.33,5.82,4.7,18.23,13.956521739130435,0.87,36.15,27.48,1.4794408119999998,1.17689919
,3798959,2021-09-12 00:00:00,1330,Servette,39.17,5.73,5.47,11.18,9.27,27.49,8.333333333333334,1.03,50.74,59.25,2.9039214010000003,2.71352991
,3798959,2021-09-12 00:00:00,1176,St. Gallen,26.17,6.94,3.42,4.66,4.31,20.33,18.25925925925926,0.69,29.16,25.02,1.9628624529999998,0.96195185
,3798907,2021-09-11 00:00:00,995,FC Zürich,17.15,8.38,2.75,4.22,2.85,7.88,11.363636363636363,0.85,35.98,34.56,0.9429507480000001,0.9395055300000001
,3798954,2021-09-11 00:00:00,3227,Grasshopper,33.52,5.79,4.48,6.1,5.05,17.9,10.392857142857142,1.15,40.3,28.44,1.5789769224999999,1.47427636
,3798907,2021-09-11 00:00:00,673,BSC Young Boys,38.88,5.0,4.13,11.04,7.74,24.35,7.321428571428571,1.63,34.18,35.14,4.546044665,2.2233280200000003
,3798954,2021-09-11 00:00:00,1148,Luzern,24.29,8.42,4.42,5.58,4.0,15.84,14.91304347826087,0.69,36.83,21.88,0.8011590030000001,1.1675928600000003
,3798952,2021-08-29 00:00:00,1167,Basel,31.63,9.0,4.88,6.9,7.17,18.87,10.08,1.09,41.06,41.05,1.145780644,1.3151687300000001
,3798952,2021-08-29 00:00:00,673,BSC Young Boys,23.01,7.64,4.0,5.23,2.64,9.16,12.857142857142858,0.89,39.78,35.83,1.3723374940000002,1.34075212
,3798924,2021-08-29 00:00:00,3227,Grasshopper,32.13,11.78,4.48,6.24,5.78,24.66,13.142857142857142,0.93,40.6,21.8,1.339610009,0.8225236600000001
,3798924,2021-08-29 00:00:00,1330,Servette,30.23,8.73,5.11,7.76,4.18,13.13,11.222222222222221,0.84,44.94,45.08,1.1105264220000002,2.05841393
,3798960,2021-08-29 00:00:00,1148,Luzern,37.07,6.24,5.56,8.02,7.88,35.02,8.612903225806452,1.22,39.75,38.04,1.506660534,1.59460838
,3798960,2021-08-29 00:00:00,3220,FC Lausanne Sport,25.47,9.5,4.09,7.41,2.0,6.89,9.953488372093023,1.16,34.43,28.63,0.845989185,0.5843210999999999
,3799059,2021-08-28 00:00:00,1176,St. Gallen,28.94,5.37,4.67,8.64,4.42,15.23,5.975609756097561,1.74,45.2,32.49,1.632830867,1.9648782999999996
,3799059,2021-08-28 00:00:00,995,FC Zürich,23.52,4.27,3.44,6.32,2.68,10.04,7.333333333333333,1.76,33.01,17.26,2.6598773915000002,1.42126152
,3799042,2021-08-28 00:00:00,1333,Sion,19.06,7.91,3.3,3.4,1.36,6.25,10.878048780487806,1.18,38.53,30.58,1.25075847,0.45683061
,3799042,2021-08-28 00:00:00,1334,Lugano,34.87,7.46,6.11,8.03,7.0,23.04,7.958333333333333,1.26,38.3,28.71,0.819211993,1.36138506
,3799061,2021-08-22 00:00:00,1148,Luzern,28.73,10.88,5.38,5.93,5.75,20.14,22.823529411764707,0.51,35.01,18.1,0.49269889199999994,0.95408516
,3799011,2021-08-22 00:00:00,3220,FC Lausanne Sport,21.04,4.82,4.1,5.66,4.0,18.75,12.323529411764707,0.9,34.75,24.35,1.4162292539999999,1.1842388000000001
,3799011,2021-08-22 00:00:00,1167,Basel,37.67,5.0,6.01,12.13,5.65,27.54,7.066666666666666,1.43,33.9,31.89,2.684526566,1.7532872199999998
,3799061,2021-08-22 00:00:00,1330,Servette,33.59,4.55,6.77,7.16,7.2,23.72,13.842105263157896,0.66,36.84,24.97,2.0125087400000004,2.53733885
,3798936,2021-08-21 00:00:00,1176,St. Gallen,30.62,6.0,4.42,7.92,4.12,10.74,9.423076923076923,1.19,42.07,40.3,1.806744889,1.5497180200000005
,3798936,2021-08-21 00:00:00,1333,Sion,21.89,7.64,4.1,4.24,2.91,9.91,11.344827586206897,0.95,36.65,32.5,0.9005532890000001,1.4729588600000005
,3798956,2021-08-21 00:00:00,995,FC Zürich,35.33,6.53,4.74,8.11,3.29,11.51,9.0,1.34,42.09,37.66,1.2268274520000002,1.8509424300000001
,3798956,2021-08-21 00:00:00,3227,Grasshopper,23.89,6.82,5.04,4.28,11.64,28.76,11.235294117647058,0.96,37.18,26.39,0.942868963,0.93686099
,3798981,2021-08-08 00:00:00,1330,Servette,25.7,9.7,4.7,4.14,7.8,27.91,12.0,0.93,27.94,16.49,0.7305518329999999,0.9108483299999998
,3799057,2021-08-08 00:00:00,995,FC Zürich,22.89,5.59,3.38,5.73,2.47,7.95,14.296296296296296,0.76,32.89,19.66,2.819464449,0.9787632199999997
,3799057,2021-08-08 00:00:00,1148,Luzern,35.34,5.2,5.25,8.71,7.6,24.73,6.714285714285714,1.53,36.61,38.05,1.3511919420000003,1.3591781000000003
,3798981,2021-08-08 00:00:00,1167,Basel,36.66,8.74,3.37,7.95,6.84,21.4,12.2,0.78,39.68,30.8,5.468298627999999,1.5385826100000002
,3799025,2021-08-08 00:00:00,1176,St. Gallen,34.05,10.55,4.33,12.65,4.45,15.56,8.89655172413793,1.24,35.64,24.85,1.442893583,1.93099222
,3799025,2021-08-08 00:00:00,1334,Lugano,23.37,7.08,4.04,6.29,1.5,7.7,11.029411764705882,1.0,29.85,21.1,0.8615320479999999,0.37823844999999995
,3798961,2021-08-07 00:00:00,3227,Grasshopper,27.83,8.73,5.0,4.61,2.55,7.76,8.65625,1.15,39.55,33.31,2.094521121,1.1462145300000002
,3798961,2021-08-07 00:00:00,3220,FC Lausanne Sport,27.75,4.78,4.79,8.0,3.72,13.44,12.826086956521738,0.83,43.66,38.17,1.0192428640000002,0.8180071099999999
,3799063,2021-08-07 00:00:00,1333,Sion,20.39,8.2,3.35,3.54,2.9,7.36,13.823529411764707,0.93,29.59,19.62,1.5075591750000001,0.61218987
,3799063,2021-08-07 00:00:00,673,BSC Young Boys,36.58,4.67,5.74,9.39,7.57,28.48,6.333333333333333,1.47,42.6,32.09,2.213303217,2.17035867
,3799045,2021-08-01 00:00:00,1333,Sion,24.9,10.56,4.24,6.25,7.0,22.63,12.391304347826088,0.81,33.48,23.68,1.158984096,0.8244870400000001
,3799033,2021-08-01 00:00:00,1148,Luzern,39.83,5.7,6.03,9.99,8.7,26.34,9.458333333333334,1.13,39.22,7.35,1.35758011,1.9594135799999999
,3799033,2021-08-01 00:00:00,1176,St. Gallen,21.32,5.33,3.71,5.88,5.53,21.38,17.892857142857142,0.7,37.64,31.22,2.039615033,1.6050575100000009
,3799032,2021-08-01 00:00:00,1330,Servette,34.95,5.33,5.79,9.44,7.33,23.97,11.892857142857142,1.05,37.77,37.42,1.3437067670000002,1.74217612
,3799045,2021-08-01 00:00:00,1167,Basel,28.56,3.1,4.76,9.22,3.45,11.64,8.027777777777779,1.45,38.7,17.92,6.443094368000001,2.7390953899999997
,3799032,2021-08-01 00:00:00,1334,Lugano,26.56,13.75,4.35,6.14,5.0,19.17,16.47826086956522,0.66,39.33,28.74,1.0130053669999999,1.45570083
,3799053,2021-07-31 00:00:00,673,BSC Young Boys,39.21,4.0,5.75,12.51,4.18,15.14,7.636363636363637,1.01,44.42,39.14,1.4963917709999999,2.46302217
,3799053,2021-07-31 00:00:00,3227,Grasshopper,21.71,29.33,3.24,5.49,3.0,9.54,10.318181818181818,1.12,31.03,27.03,0.10226502900000001,0.28413690999999996
,3799008,2021-07-31 00:00:00,995,FC Zürich,22.85,5.65,3.86,5.34,3.35,12.81,11.517241379310345,0.85,39.7,32.78,2.5410038329999995,0.8733422100000001
,3799008,2021-07-31 00:00:00,3220,FC Lausanne Sport,33.96,6.31,6.63,6.91,6.69,22.38,9.576923076923077,1.14,37.56,35.24,0.7115328045,0.8341643900000001
,3798970,2021-07-25 00:00:00,1333,Sion,26.97,5.37,4.44,4.84,3.47,11.95,11.366666666666667,1.11,32.45,27.78,1.631074258,1.11033696
,3798970,2021-07-25 00:00:00,1330,Servette,27.09,6.5,5.21,6.28,3.79,13.35,10.4,1.11,41.78,36.17,1.9806115069999999,1.26385223
,3798998,2021-07-25 00:00:00,3227,Grasshopper,28.53,5.93,5.19,7.13,6.33,22.47,7.7631578947368425,1.55,39.51,29.25,1.067657734,1.75718236
,3798998,2021-07-25 00:00:00,1167,Basel,24.53,10.5,4.77,5.81,5.12,21.18,11.5,0.91,45.57,38.26,1.30089154,1.7754745900000002
,3799073,2021-07-25 00:00:00,1334,Lugano,41.27,5.41,5.56,10.82,7.55,24.7,5.28125,2.01,38.99,23.73,1.7871122516,1.7318047000000003
,3799073,2021-07-25 00:00:00,995,FC Zürich,15.92,8.0,2.83,4.0,3.8,16.02,14.441176470588236,0.82,33.79,21.44,1.8454073040000003,1.1772059
,3798912,2021-07-24 00:00:00,3220,FC Lausanne Sport,32.09,8.42,5.21,6.87,6.92,24.88,9.526315789473685,1.38,34.77,25.3,0.577210589,1.31369595
,3798912,2021-07-24 00:00:00,1176,St. Gallen,27.52,5.11,4.72,9.98,4.89,18.96,7.942857142857143,1.09,33.29,15.85,2.3769926189999997,1.9734936199999997
,3798917,2021-07-24 00:00:00,1148,Luzern,20.64,7.5,4.08,3.69,4.0,13.23,12.2,0.79,35.18,27.82,1.1752819250000002,0.81552318
,3798917,2021-07-24 00:00:00,673,BSC Young Boys,31.47,5.69,4.91,5.89,2.12,7.8,6.911764705882353,1.65,45.44,46.56,1.9061580029999998,1.60646597
